"Country","Year","Population","Per.capita.GNI","Gross.National.Income.GNI..in.USD","Gross.Domestic.Product..GDP.","Open","High","Low","Close","Inflation"
"Afghanistan",2007,25903301,364,9440635873,9412161765,0.586666666666667,0.5975,0.580833333333333,0.590833333333333,NA
"Afghanistan",2008,26427199,389,10280097552,10236901594,1.00583333333333,1.035,0.986666666666667,1.01416666666667,70.6366666666667
"Afghanistan",2009,27385307,422,11562069957,11595133469,0.845,0.8575,0.825833333333333,0.835,-14.4758333333333
"Afghanistan",2010,28189672,522,14724781634,14698889678,0.726666666666667,0.735833333333333,0.718333333333333,0.731666666666667,-11.8358333333333
"Afghanistan",2011,29249157,593,17331776170,17350694945,0.811666666666667,0.823333333333333,0.798333333333333,0.81,10.9333333333333
"Afghanistan",2012,30466479,629,19166775125,19136499341,0.869166666666667,0.88,0.86,0.8725,7.90833333333333
"Afghanistan",2013,31541209,624,19690262077,19621802455,0.984166666666667,0.990833333333333,0.978333333333333,0.983333333333333,12.9766666666667
"Afghanistan",2014,32716210,598,19548440117,19550702567,0.968333333333333,0.975833333333333,0.960833333333333,0.9675,-1.62083333333333
"Afghanistan",2015,33753499,559,18882219776,18713048410,0.948333333333333,0.955,0.944166666666667,0.9475,-1.915
"Afghanistan",2016,34636207,525,18199126228,18019558182,0.974166666666667,0.9775,0.9675,0.969166666666667,2.43416666666667
"Afghanistan",2017,35643418,537,19145017023,18896352021,0.989166666666667,0.995,0.985833333333333,0.989166666666667,1.89833333333333
"Afghanistan",2018,36686784,507,18610257350,18418848300,1.00166666666667,1.00416666666667,0.994166666666667,0.999166666666667,1.005
"Afghanistan",2019,37769499,508,19205014965,18904490263,1.00666666666667,1.0125,1.00166666666667,1.00666666666667,0.664166666666667
"Afghanistan",2020,38972230,522,20332383762,20143441792,1.11,1.1225,1.09833333333333,1.10916666666667,10.3175
"Afghanistan",2021,40099462,377,15114672599,14939009447,1.20583333333333,1.22,1.19916666666667,1.2125,9.3725
"Burkina Faso",2007,14757074,516,7612953744,7615650002,0.531666666666667,0.545833333333333,0.514166666666667,0.53,NA
"Burkina Faso",2008,15197915,619,9409692355,9413334399,0.7225,0.751666666666667,0.695833333333333,0.723333333333333,36.4083333333333
"Burkina Faso",2009,15650022,596,9328112411,9412811573,0.773333333333333,0.815,0.74,0.775,8.60083333333333
"Burkina Faso",2010,16116845,610,9835199589,10099765628,0.743333333333333,0.765833333333333,0.723333333333333,0.7425,-4.17083333333333
"Burkina Faso",2011,16602651,700,11619849901,12064487597,0.776666666666667,0.8,0.7575,0.786666666666667,6.53916666666667
"Burkina Faso",2012,17113732,720,12314662476,12561733645,1.06,1.095,1.025,1.0525,34.6016666666667
"Burkina Faso",2013,17636408,746,13157757131,13440479418,0.875,0.894166666666667,0.853333333333333,0.871666666666667,-16.7425
"Burkina Faso",2014,18169842,736,13368320772,13924470428,0.833333333333333,0.881666666666667,0.789166666666667,0.835,-3.89416666666667
"Burkina Faso",2015,18718019,603,11284581216,11823205340,0.86,0.878333333333333,0.843333333333333,0.860833333333333,2.96583333333333
"Burkina Faso",2016,19275498,636,12261728231,12833357982,0.8725,0.886666666666667,0.855,0.868333333333333,1.3325
"Burkina Faso",2017,19835858,684,13577334640,14106957348,0.951666666666667,0.978333333333333,0.930833333333333,0.9575,9.77
"Burkina Faso",2018,20392723,755,15387936804,15890066210,1.05333333333333,1.0775,1.02916666666667,1.04833333333333,10.185
"Burkina Faso",2019,20951639,748,15666928384,16178161666,0.808333333333333,0.823333333333333,0.791666666666667,0.805833333333333,-22.9791666666667
"Burkina Faso",2020,21522626,807,17366900517,17933606213,0.859166666666667,0.88,0.841666666666667,0.864166666666667,8.08166666666667
"Burkina Faso",2021,22100683,865,19113903222,19737616003,1.05666666666667,1.08166666666667,1.03666666666667,1.06833333333333,24.1158333333333
"Burundi",2007,7944609,170,1350298467,1356198462,0.5525,0.565833333333333,0.540833333333333,0.5525,NA
"Burundi",2008,8278109,194,1607536698,1611836700,0.616666666666667,0.635833333333333,0.6,0.620833333333333,12.3591666666667
"Burundi",2009,8709366,202,1758554324,1775497472,0.645,0.670833333333333,0.623333333333333,0.6475,4.62666666666667
"Burundi",2010,9126605,221,2021331183,2032137629,0.601666666666667,0.625833333333333,0.574166666666667,0.594166666666667,-7.76666666666667
"Burundi",2011,9455733,262,2481854082,2235809707,0.651666666666667,0.670833333333333,0.630833333333333,0.6525,10.6433333333333
"Burundi",2012,9795479,283,2773022116,2327401670,0.783333333333333,0.815833333333333,0.75,0.785,20.465
"Burundi",2013,10149577,280,2844656984,2451625280,0.745833333333333,0.7675,0.714166666666667,0.735833333333333,-6.0675
"Burundi",2014,10494913,288,3021491101,2705829235,0.7575,0.7725,0.7425,0.7525,2.66083333333333
"Burundi",2015,10727148,290,3109870337,2810531640,0.720833333333333,0.738333333333333,0.7025,0.725,-3.62416666666667
"Burundi",2016,10903327,286,3120220473,2930086948,0.829166666666667,0.856666666666667,0.808333333333333,0.835833333333333,15.1058333333333
"Burundi",2017,11155593,296,3299611777,3297826848,1.0575,1.08166666666667,1.03333333333333,1.0525,26.7225
"Burundi",2018,11493472,289,3324353214,3317319375,0.955,0.975,0.93,0.946666666666667,-9.8575
"Burundi",2019,11874838,284,3378210444,3368533752,0.965833333333333,0.991666666666667,0.944166666666667,0.970833333333333,2.65583333333333
"Burundi",2020,12220227,297,3634044450,3615133759,1.1175,1.1425,1.09583333333333,1.115,15.095
"Burundi",2021,12551213,312,3910535099,3899747783,1.1575,1.18333333333333,1.1325,1.16,4.02083333333333
"Cameroon",2007,18251866,1282,23397493583,23896643553,NA,NA,NA,NA,NA
"Cameroon",2008,18777081,1453,27274721168,27603415389,NA,NA,NA,NA,NA
"Cameroon",2009,19319274,1415,27343924375,27820994557,NA,NA,NA,NA,NA
"Cameroon",2010,19878036,1369,27217277354,27480689534,0.905555555555556,0.906666666666667,0.901111111111111,0.904444444444444,NA
"Cameroon",2011,20448873,1481,30288056415,30590826620,0.910833333333333,0.915,0.9075,0.910833333333333,1.08111111111111
"Cameroon",2012,21032684,1413,29711999869,30156787196,0.924166666666667,0.925,0.920833333333333,0.923333333333333,1.29916666666667
"Cameroon",2013,21632850,1530,33103983644,33719035010,0.931666666666667,0.934166666666667,0.926666666666667,0.930833333333333,0.826666666666667
"Cameroon",2014,22299585,1599,35655507100,36338146851,0.941666666666667,0.945,0.940833333333333,0.943333333333333,1.32166666666667
"Cameroon",2015,23012646,1382,31793584468,32185862558,0.9625,0.965,0.9575,0.96,1.9825
"Cameroon",2016,23711630,1400,33191737473,33814337041,0.969166666666667,0.975833333333333,0.966666666666667,0.969166666666667,0.955833333333333
"Cameroon",2017,24393181,1454,35458060230,36098547059,0.993333333333333,0.995833333333333,0.988333333333333,0.993333333333333,2.26333333333333
"Cameroon",2018,25076747,1567,39290143397,39973842059,1.0075,1.01,1.00333333333333,1.0075,1.37833333333333
"Cameroon",2019,25782341,1505,38802709778,39670976440,1.01916666666667,1.0225,1.01416666666667,1.01916666666667,1.2775
"Cameroon",2020,26491087,1507,39920133255,40804449406,1.05083333333333,1.05416666666667,1.04583333333333,1.05083333333333,3.17333333333333
"Cameroon",2021,27198628,1636,44501391743,45367649044,1.105,1.1125,1.10083333333333,1.10916666666667,5.47416666666667
"Central African Republic",2007,4375569,384,1681677156,1754928634,0.564166666666667,0.578333333333333,0.548333333333333,0.561666666666667,NA
"Central African Republic",2008,4467233,450,2009720620,2033153896,0.629166666666667,0.654166666666667,0.61,0.643333333333333,14.6183333333333
"Central African Republic",2009,4564540,450,2053265843,2059094237,0.676666666666667,0.695,0.6575,0.6775,5.955
"Central African Republic",2010,4660067,461,2150136276,2140502353,0.69,0.710833333333333,0.67,0.693333333333333,2.32416666666667
"Central African Republic",2011,4732022,517,2444507835,2434792255,0.701666666666667,0.7275,0.67,0.6975,0.825833333333333
"Central African Republic",2012,4773306,528,2521492288,2510270091,0.7375,0.755833333333333,0.714166666666667,0.7325,4.81583333333333
"Central African Republic",2013,4802428,355,1706225000,1691064342,0.759166666666667,0.788333333333333,0.735,0.761666666666667,4.17666666666667
"Central African Republic",2014,4798734,398,1911969476,1892292182,0.985833333333333,1.05083333333333,0.943333333333333,1.02,34.5466666666667
"Central African Republic",2015,4819333,356,1715581522,1694542946,0.935833333333333,0.980833333333333,0.905833333333333,0.956666666666667,-5.855
"Central African Republic",2016,4904177,377,1847782484,1825018853,0.99,1.02,0.9575,0.9875,3.6725
"Central African Republic",2017,4996741,436,2177935589,2072349974,0.950833333333333,0.981666666666667,0.914166666666667,0.9425,-4.4875
"Central African Republic",2018,5094780,468,2386744837,2220978586,1.03083333333333,1.06583333333333,1.00083333333333,1.02833333333333,9.57416666666667
"Central African Republic",2019,5209324,458,2385976132,2221257282,1.045,1.07166666666667,1.0175,1.04166666666667,1.3575
"Central African Republic",2020,5343020,460,2455320877,2325331464,1.1275,1.16166666666667,1.09666666666667,1.12333333333333,7.8775
"Central African Republic",2021,5457154,493,2689505126,2517718099,1.21833333333333,1.26333333333333,1.1825,1.2275,9.50916666666667
"Chad",2007,10722731,801,8590672441,8755006652,0.7525,0.770833333333333,0.731666666666667,0.749166666666667,NA
"Chad",2008,11098664,972,10786272753,11037066991,0.961666666666667,1.00083333333333,0.929166666666667,0.9775,30.5283333333333
"Chad",2009,11496128,871,10013439569,10244281375,1.04666666666667,1.08416666666667,1.00416666666667,1.04083333333333,8.88833333333333
"Chad",2010,11894727,975,11600046129,12176128142,0.954166666666667,0.985833333333333,0.918333333333333,0.941666666666667,-9.38833333333333
"Chad",2011,12317730,1161,14301007034,14682388803,0.989166666666667,1.02833333333333,0.9575,1,7.15666666666667
"Chad",2012,12754906,1240,15811859938,16204510826,1.11333333333333,1.15166666666667,1.075,1.10833333333333,11.7883333333333
"Chad",2013,13216766,1178,15569310116,16313893751,1.07583333333333,1.11583333333333,1.03916666666667,1.07583333333333,-2.6125
"Chad",2014,13697126,1222,16734309487,17492396272,1.08833333333333,1.11916666666667,1.05166666666667,1.08583333333333,1.135
"Chad",2015,14140274,988,13964313953,14400813877,1.10916666666667,1.14333333333333,1.07666666666667,1.105,1.93833333333333
"Chad",2016,14592585,879,12830733052,13071615355,1.03833333333333,1.06166666666667,1.0125,1.025,-7.11083333333333
"Chad",2017,15085884,873,13174327676,13349041418,0.995,1.02166666666667,0.968333333333333,0.998333333333333,-2.35416666666667
"Chad",2018,15604210,970,15137919140,15362287167,1.00333333333333,1.02833333333333,0.979166666666667,1,0.534166666666667
"Chad",2019,16126866,934,15064191353,15299399845,0.911666666666667,0.930833333333333,0.893333333333333,0.908333333333333,-8.82666666666667
"Chad",2020,16644701,832,13842104409,14909556940,1.04166666666667,1.0625,1.01916666666667,1.04416666666667,14.8041666666667
"Chad",2021,17179740,923,15853971449,16409566631,1.16916666666667,1.19166666666667,1.145,1.17166666666667,12.325
"Congo",2007,3956329,1860,7360122020,8771102344,NA,NA,NA,NA,NA
"Congo",2008,4089602,2488,10173621107,11602894194,NA,NA,NA,NA,NA
"Congo",2009,4257230,2097,8925474962,9684323926,NA,NA,NA,NA,NA
"Congo",2010,4437884,2751,12209623578,13135580123,NA,NA,NA,NA,NA
"Congo",2011,4584216,3069,14071222327,15634896806,0.875,0.886666666666667,0.863333333333333,0.875833333333333,NA
"Congo",2012,4713257,3551,16737429608,17693923329,0.869166666666667,0.883333333333333,0.856666666666667,0.87,-0.7925
"Congo",2013,4828066,3633,17542375824,17953615755,0.894166666666667,0.909166666666667,0.881666666666667,0.896666666666667,3.26583333333333
"Congo",2014,4944861,3671,18151595014,17889080718,0.9125,0.93,0.899166666666667,0.915833333333333,1.96583333333333
"Congo",2015,5064386,2333,11815472853,11881262396,0.905,0.915,0.891666666666667,0.9025,-1.28
"Congo",2016,5186824,1895,9828534943,10219341238,0.901666666666667,0.9125,0.889166666666667,0.900833333333333,-0.3125
"Congo",2017,5312340,1795,9536265685,11094823240,0.918333333333333,0.934166666666667,0.906666666666667,0.925,2.9525
"Congo",2018,5441062,2141,11650027116,13670037652,0.97,0.9825,0.9525,0.966666666666667,4.52416666666667
"Congo",2019,5570733,1821,10142334579,12909605435,0.946666666666667,0.959166666666667,0.934166666666667,0.946666666666667,-1.87333333333333
"Congo",2020,5702174,1560,8895297614,10483151002,0.988333333333333,1.00333333333333,0.9775,0.995833333333333,5.1025
"Congo",2021,5835806,1737,10133957855,12840627675,1.02666666666667,1.04,1.01583333333333,1.02666666666667,3.18416666666667
"D.R. of the Congo",2007,60289422,267,16075736316,16737110427,0.525,0.5325,0.519166666666667,0.524166666666667,NA
"D.R. of the Congo",2008,62249724,303,18867511799,19788571874,0.5825,0.593333333333333,0.574166666666667,0.585833333333333,11.7916666666667
"D.R. of the Congo",2009,64270232,278,17872651514,18648387485,0.6875,0.703333333333333,0.671666666666667,0.689166666666667,17.7675
"D.R. of the Congo",2010,66391257,309,20519579248,21565746507,0.7175,0.726666666666667,0.706666666666667,0.713333333333333,3.6575
"D.R. of the Congo",2011,68654269,360,24741832794,25839722464,0.804166666666667,0.818333333333333,0.794166666666667,0.811666666666667,13.7408333333333
"D.R. of the Congo",2012,70997870,398,28259143425,29306269641,0.9275,0.940833333333333,0.915833333333333,0.9275,14.5416666666667
"D.R. of the Congo",2013,73460021,406,29792254053,32671706985,0.929166666666667,0.94,0.9175,0.924166666666667,-0.3325
"D.R. of the Congo",2014,76035588,464,35305957706,35909053415,0.889166666666667,0.904166666666667,0.87,0.88,-4.655
"D.R. of the Congo",2015,78656904,472,37110969872,37917678438,0.8375,0.85,0.821666666666667,0.830833333333333,-5.56083333333333
"D.R. of the Congo",2016,81430977,486,39610898531,40337512405,0.836666666666667,0.854166666666667,0.818333333333333,0.835833333333333,0.6925
"D.R. of the Congo",2017,84283273,439,36964397474,37642464497,0.939166666666667,0.959166666666667,0.92,0.943333333333333,12.6583333333333
"D.R. of the Congo",2018,87087355,532,46296746664,47146004310,1.05916666666667,1.0775,1.045,1.0625,12.8691666666667
"D.R. of the Congo",2019,89906890,517,46467245041,47319630272,1.09583333333333,1.11333333333333,1.07333333333333,1.08833333333333,2.83666666666667
"D.R. of the Congo",2020,92853164,479,44491509925,45307652693,1.1575,1.18,1.13583333333333,1.1575,6.07416666666667
"D.R. of the Congo",2021,95894118,541,51897907755,52849911906,1.15416666666667,1.17083333333333,1.13583333333333,1.1525,-0.38
"Gambia",2007,1764883,710,1253850042,1279703031,0.590833333333333,0.595,0.585,0.590833333333333,NA
"Gambia",2008,1820542,844,1536177632,1561766955,0.600833333333333,0.606666666666667,0.5975,0.6025,2.2125
"Gambia",2009,1878119,757,1422149132,1450142496,0.600833333333333,0.606666666666667,0.596666666666667,0.599166666666667,-0.3725
"Gambia",2010,1937275,781,1513388713,1543294945,0.6025,0.608333333333333,0.599166666666667,0.6025,0.523333333333333
"Gambia",2011,1998212,690,1377826164,1409693593,0.6125,0.616666666666667,0.608333333333333,0.611666666666667,1.5825
"Gambia",2012,2061014,672,1385745356,1415004744,0.621666666666667,0.623333333333333,0.6175,0.621666666666667,1.42833333333333
"Gambia",2013,2124869,633,1345939541,1375609554,0.654166666666667,0.660833333333333,0.645,0.654166666666667,5.15833333333333
"Gambia",2014,2189019,548,1200492190,1229462228,0.71,0.7175,0.7025,0.711666666666667,8.96583333333333
"Gambia",2015,2253133,597,1345127494,1378177509,0.836666666666667,0.845,0.825833333333333,0.835,17.3566666666667
"Gambia",2016,2317206,621,1439753943,1467253905,0.875,0.891666666666667,0.866666666666667,0.885,5.82416666666667
"Gambia",2017,2381182,620,1476654348,1504954335,0.989166666666667,1.00416666666667,0.971666666666667,0.9825,11.3458333333333
"Gambia",2018,2444916,671,1641486948,1670686436,1.0125,1.03916666666667,0.9975,1.025,4.4425
"Gambia",2019,2508883,711,1783609655,1813609678,1.00416666666667,1.0225,0.969166666666667,0.9825,-3.8
"Gambia",2020,2573995,692,1781380827,1812170879,1.1075,1.12583333333333,1.09166666666667,1.11833333333333,14.1725
"Gambia",2021,2639916,753,1988020570,2038414974,1.23833333333333,1.25166666666667,1.2225,1.23583333333333,11.3241666666667
"Guinea-Bissau",2007,1450572,477,692477949,695990234,1.04833333333333,1.07583333333333,1.01916666666667,1.05166666666667,NA
"Guinea-Bissau",2008,1488431,572,851100505,864654881,1.01,1.03916666666667,0.98,1.005,-4.56333333333333
"Guinea-Bissau",2009,1527196,535,816594218,826797829,0.954166666666667,0.9875,0.914166666666667,0.944166666666667,-5.77416666666667
"Guinea-Bissau",2010,1567220,539,845414254,849050091,0.970833333333333,1,0.949166666666667,0.980833333333333,4.22916666666667
"Guinea-Bissau",2011,1609017,687,1104813528,1098378430,1.11833333333333,1.16,1.08,1.12416666666667,14.6575
"Guinea-Bissau",2012,1652717,602,994712402,989326865,1.17083333333333,1.21083333333333,1.1425,1.17583333333333,4.94
"Guinea-Bissau",2013,1697753,604,1025761530,1045790295,1.19583333333333,1.23416666666667,1.16083333333333,1.19666666666667,1.76916666666667
"Guinea-Bissau",2014,1743309,626,1090847895,1053512571,1.17833333333333,1.2075,1.1525,1.1775,-1.51666666666667
"Guinea-Bissau",2015,1788919,600,1072999216,1047436699,1.1075,1.14,1.07833333333333,1.10333333333333,-6.33916666666667
"Guinea-Bissau",2016,1834552,659,1208741150,1179004191,1.0525,1.08,1.0225,1.0475,-4.88083333333333
"Guinea-Bissau",2017,1879826,720,1352932513,1350177012,1.00916666666667,1.035,0.98,1.005,-3.9775
"Guinea-Bissau",2018,1924955,716,1378965347,1427473462,1.04583333333333,1.075,1.02,1.05333333333333,5.0475
"Guinea-Bissau",2019,1970457,708,1394141700,1365329762,1.13666666666667,1.18333333333333,1.09666666666667,1.14166666666667,8.50666666666667
"Guinea-Bissau",2020,2015828,705,1420456611,1396562030,1.02,1.05,0.983333333333333,1.00416666666667,-11.7
"Guinea-Bissau",2021,2060721,760,1565368514,1563164283,1.06333333333333,1.09583333333333,1.0375,1.0775,7.98083333333333
"Haiti",2007,9420826,1004,9454227195,9452038984,0.541666666666667,0.5525,0.530833333333333,0.545,NA
"Haiti",2008,9575247,1057,10120116654,10114766506,0.8275,0.8525,0.795,0.821666666666667,50.9691666666667
"Haiti",2009,9730638,1167,11356179080,11343662541,0.711666666666667,0.725,0.6975,0.708333333333333,-12.2541666666667
"Haiti",2010,9842880,1202,11833876559,11811683442,0.713333333333333,0.738333333333333,0.693333333333333,0.714166666666667,0.205
"Haiti",2011,9954312,1303,12971625701,12934045036,0.74,0.751666666666667,0.7275,0.738333333333333,4.41833333333333
"Haiti",2012,10108539,1350,13641573158,13587513141,0.745833333333333,0.759166666666667,0.731666666666667,0.7425,0.7425
"Haiti",2013,10261206,1405,14415937284,14385504160,0.779166666666667,0.7925,0.764166666666667,0.775,4.35
"Haiti",2014,10412740,1406,14644392358,14597055290,0.715,0.73,0.700833333333333,0.715833333333333,-7.49333333333333
"Haiti",2015,10563757,1351,14266590514,14227616359,0.843333333333333,0.858333333333333,0.8275,0.845,18.1
"Haiti",2016,10713849,1249,13379011728,13333355781,0.898333333333333,0.91,0.8825,0.896666666666667,6.72833333333333
"Haiti",2017,10863543,1408,15296653736,15237360994,0.985833333333333,1.00416666666667,0.969166666666667,0.981666666666667,9.6375
"Haiti",2018,11012421,1433,15778454073,15730389669,1.02583333333333,1.0375,1.00666666666667,1.02333333333333,4.27333333333333
"Haiti",2019,11160438,1265,14112591131,14065354678,1.33,1.36916666666667,1.29416666666667,1.3325,30.085
"Haiti",2020,11306801,1466,16580386625,16547761632,1.70916666666667,1.7675,1.64333333333333,1.70083333333333,28.5975
"Haiti",2021,11447569,1665,19064726488,19043741493,1.78083333333333,1.825,1.74416666666667,1.79583333333333,6.54416666666667
"Iraq",2007,28660887,3162,90614812638,88840049181,NA,NA,NA,NA,NA
"Iraq",2008,29218381,4505,1.32e+11,1.24e+11,NA,NA,NA,NA,NA
"Iraq",2009,30289040,4386,1.33e+11,1.29e+11,NA,NA,NA,NA,NA
"Iraq",2010,31264875,3798,1.19e+11,1.39e+11,NA,NA,NA,NA,NA
"Iraq",2011,32378061,5053,1.64e+11,1.86e+11,NA,NA,NA,NA,NA
"Iraq",2012,33864447,5521,1.87e+11,2.18e+11,1.06833333333333,1.07,1.06333333333333,1.06916666666667,NA
"Iraq",2013,35481800,5823,2.07e+11,2.35e+11,1.07,1.07583333333333,1.06416666666667,1.07083333333333,0.2575
"Iraq",2014,36746488,5384,1.98e+11,2.28e+11,1.06166666666667,1.065,1.05833333333333,1.05916666666667,-1.0375
"Iraq",2015,37757813,4118,1.55e+11,1.67e+11,1.05,1.05583333333333,1.04583333333333,1.05166666666667,-0.6425
"Iraq",2016,38697943,4038,1.56e+11,1.67e+11,1.07083333333333,1.07916666666667,1.06416666666667,1.07166666666667,1.88666666666667
"Iraq",2017,39621162,4390,1.74e+11,1.87e+11,1.07,1.08416666666667,1.05916666666667,1.07083333333333,-0.2025
"Iraq",2018,40590700,5155,2.09e+11,2.27e+11,0.995833333333333,1.005,0.986666666666667,0.994166666666667,-6.93666666666667
"Iraq",2019,41563520,5591,2.32e+11,2.34e+11,0.965,0.973333333333333,0.959166666666667,0.965833333333333,-2.865
"Iraq",2020,42556984,4207,1.79e+11,1.81e+11,0.990833333333333,1.00416666666667,0.9825,0.995,3.00166666666667
"Iraq",2021,43533592,4645,2.02e+11,2.04e+11,1.08166666666667,1.09333333333333,1.0725,1.08666666666667,9.27833333333333
"Lao People's DR",2007,6041348,730,4410307751,4570008380,NA,NA,NA,NA,NA
"Lao People's DR",2008,6135861,890,5462742735,5731763439,NA,NA,NA,NA,NA
"Lao People's DR",2009,6229930,945,5885551114,6056946699,0.697272727272727,0.697272727272727,0.696363636363636,0.697272727272727,NA
"Lao People's DR",2010,6323418,1083,6849762732,7313450659,0.7225,0.728333333333333,0.72,0.7225,4.23909090909091
"Lao People's DR",2011,6416327,1270,8149438446,8741715072,0.803333333333333,0.811666666666667,0.7975,0.805833333333333,11.3958333333333
"Lao People's DR",2012,6508803,1472,9583007672,10191355070,0.861666666666667,0.8675,0.853333333333333,0.859166666666667,6.8425
"Lao People's DR",2013,6600742,1712,11299715692,11942233835,0.914166666666667,0.919166666666667,0.9075,0.915,6.51166666666667
"Lao People's DR",2014,6691454,1895,12683054835,13268421706,1.01916666666667,1.02416666666667,1.01333333333333,1.01666666666667,11.135
"Lao People's DR",2015,6787419,2026,13750488984,14390446134,1.04,1.045,1.04,1.04,2.3
"Lao People's DR",2016,6891363,2195,15126191399,15805692481,1.0375,1.04,1.03583333333333,1.03833333333333,-0.3175
"Lao People's DR",2017,6997917,2311,16170183137,17071155481,1.0375,1.03916666666667,1.03,1.03666666666667,-0.3425
"Lao People's DR",2018,7105006,2443,17355911535,18141641089,0.98,0.981666666666667,0.975,0.978333333333333,-5.2625
"Lao People's DR",2019,7212053,2448,17656111399,18740561512,0.985833333333333,0.9925,0.983333333333333,0.9875,1.00416666666667
"Lao People's DR",2020,7319399,2456,17979844962,19115969021,1.0425,1.04833333333333,1.03583333333333,1.0425,5.39416666666667
"Lao People's DR",2021,7425057,2414,17922236523,19074407740,1.08416666666667,1.09083333333333,1.07916666666667,1.085,4.22166666666667
"Lebanon",2007,4809608,5288,25431866712,24827355015,NA,NA,NA,NA,NA
"Lebanon",2008,4887613,6232,30459175334,29118916106,NA,NA,NA,NA,NA
"Lebanon",2009,4951135,7001,34660905719,35399582929,NA,NA,NA,NA,NA
"Lebanon",2010,4995800,7410,37017477327,38443907042,NA,NA,NA,NA,NA
"Lebanon",2011,5045056,7867,39687755961,39927125961,NA,NA,NA,NA,NA
"Lebanon",2012,5178337,8464,43831811746,44016799516,0.813333333333333,0.828333333333333,0.798333333333333,0.815833333333333,NA
"Lebanon",2013,5678851,8217,46661645794,46880103081,0.915833333333333,0.929166666666667,0.9025,0.914166666666667,12.2883333333333
"Lebanon",2014,6274342,7573,47517900239,48095213746,0.954166666666667,0.961666666666667,0.945833333333333,0.949166666666667,3.93416666666667
"Lebanon",2015,6398940,7723,49420820075,49929337837,0.885,0.8925,0.875,0.881666666666667,-7.29083333333333
"Lebanon",2016,6258619,8042,50329517818,51147308774,0.855,0.863333333333333,0.846666666666667,0.859166666666667,-2.44666666666667
"Lebanon",2017,6109252,8646,52818451126,53027680686,0.995,1.01833333333333,0.9775,0.9925,15.6858333333333
"Lebanon",2018,5950839,9039,53788957813,54901519156,1.01166666666667,1.02166666666667,1.0025,1.01,1.64583333333333
"Lebanon",2019,5781907,8761,50655572717,52021919267,1.0225,1.04,1.01083333333333,1.02916666666667,2.04166666666667
"Lebanon",2020,5662923,6584,37283706627,39047180246,1.99083333333333,2.09833333333333,1.9125,2.01583333333333,94.8633333333333
"Lebanon",2021,5592631,6521,36468548455,37944879049,6.1525,6.4325,5.91833333333333,6.29916666666667,206.380833333333
"Liberia",2007,3632740,207,750988486,9.49e+08,0.506666666666667,0.515833333333333,0.501666666666667,0.5075,NA
"Liberia",2008,3783887,236,894280908,1.101e+09,0.5425,0.55,0.534166666666667,0.5425,6.7775
"Liberia",2009,3905066,259,1010418351,1.155e+09,0.585,0.594166666666667,0.575,0.585833333333333,8.05416666666667
"Liberia",2010,4019956,277,1112696643,1.292e+09,0.618333333333333,0.628333333333333,0.609166666666667,0.6175,5.5
"Liberia",2011,4181150,338,1413753007,1.538e+09,0.66,0.669166666666667,0.650833333333333,0.66,6.9075
"Liberia",2012,4331740,340,1472256422,1.734e+09,0.706666666666667,0.714166666666667,0.698333333333333,0.706666666666667,7.1475
"Liberia",2013,4427313,370,1636132846,1.936e+09,0.739166666666667,0.75,0.728333333333333,0.736666666666667,4.34166666666667
"Liberia",2014,4519398,379,1713383010,2.053e+09,0.79,0.805,0.775,0.789166666666667,7.04916666666667
"Liberia",2015,4612329,528,2433771797,2.669e+09,0.795,0.809166666666667,0.784166666666667,0.791666666666667,0.35
"Liberia",2016,4706097,536,2520649138,2.757e+09,0.835,0.855,0.823333333333333,0.841666666666667,6.52083333333333
"Liberia",2017,4796631,523,2508275831,2.763e+09,0.9325,0.949166666666667,0.914166666666667,0.928333333333333,10.8391666666667
"Liberia",2018,4889391,486,2377448786,2744956787,1.10416666666667,1.13,1.08583333333333,1.11416666666667,19.78
"Liberia",2019,4985289,458,2285438826,2582242493,1.32583333333333,1.34916666666667,1.30666666666667,1.335,19.8558333333333
"Liberia",2020,5087584,428,2177716522,2480889253,1.42583333333333,1.44916666666667,1.39166666666667,1.4125,6.17
"Liberia",2021,5193416,413,2146115577,2444888955,1.41666666666667,1.44833333333333,1.38166666666667,1.40916666666667,-0.18
"Mali",2007,14080912,557,7846872285,8145694928,0.795833333333333,0.805833333333333,0.7875,0.796666666666667,NA
"Mali",2008,14551117,649,9439792784,9750823479,0.891666666666667,0.905,0.8775,0.894166666666667,12.1433333333333
"Mali",2009,15032635,646,9715939834,10181021970,0.9375,0.953333333333333,0.924166666666667,0.94,5.375
"Mali",2010,15529181,661,10259418630,10678749002,0.9175,0.928333333333333,0.9075,0.916666666666667,-2.32083333333333
"Mali",2011,16039734,780,12516390844,12978107173,0.950833333333333,0.960833333333333,0.941666666666667,0.959166666666667,4.67083333333333
"Mali",2012,16514687,726,11982475639,12442747022,1.22,1.24333333333333,1.19333333333333,1.21333333333333,26.9658333333333
"Mali",2013,17004033,754,12813017332,13245776666,0.9525,0.966666666666667,0.940833333333333,0.951666666666667,-20.855
"Mali",2014,17551814,798,14002827397,14388385464,0.918333333333333,0.928333333333333,0.9075,0.920833333333333,-3.4175
"Mali",2015,18112907,707,12799304067,13094849232,0.904166666666667,0.921666666666667,0.885833333333333,0.904166666666667,-1.6375
"Mali",2016,18700106,730,13651410704,14026048334,0.924166666666667,0.936666666666667,0.9125,0.925,2.51916666666667
"Mali",2017,19311355,770,14864816789,15365713059,0.998333333333333,1.015,0.985,1,7.94333333333333
"Mali",2018,19934298,831,16560622880,17070867578,1.08083333333333,1.095,1.06416666666667,1.08083333333333,8.06333333333333
"Mali",2019,20567424,806,16584807144,17280250805,0.976666666666667,0.9925,0.96,0.976666666666667,-9.57
"Mali",2020,21224040,788,16726618040,17465392779,0.974166666666667,0.985833333333333,0.9625,0.976666666666667,0.105
"Mali",2021,21904983,849,18589076620,19157055766,1.095,1.11083333333333,1.08333333333333,1.10583333333333,13.18
"Mozambique",2007,21280513,468,9959344687,10450826528,0.458333333333333,0.464166666666667,0.453333333333333,0.461666666666667,NA
"Mozambique",2008,21845571,546,11928650330,12556173243,0.558333333333333,0.563333333333333,0.553333333333333,0.56,21.6341666666667
"Mozambique",2009,22436660,527,11822342290,11914471513,0.574166666666667,0.579166666666667,0.565833333333333,0.571666666666667,2.51416666666667
"Mozambique",2010,23073723,467,10773343153,11104649064,0.625,0.631666666666667,0.618333333333333,0.625,9.59
"Mozambique",2011,23760421,596,14160878144,14381552177,0.691666666666667,0.698333333333333,0.6825,0.69,10.3066666666667
"Mozambique",2012,24487611,668,16347761954,16350814266,0.665833333333333,0.6725,0.658333333333333,0.664166666666667,-3.5525
"Mozambique",2013,25251731,670,16916121991,16974314402,0.6825,0.69,0.673333333333333,0.68,2.40083333333333
"Mozambique",2014,26038704,675,17574885237,17716091466,0.668333333333333,0.675,0.6625,0.665833333333333,-2.11833333333333
"Mozambique",2015,26843246,586,15718637765,15950979334,0.689166666666667,0.703333333333333,0.681666666666667,0.695833333333333,4.45916666666667
"Mozambique",2016,27696493,424,11742156097,11936993086,1.06583333333333,1.08666666666667,1.05166666666667,1.07666666666667,54.5541666666667
"Mozambique",2017,28569441,451,12896848986,13219079497,1.11583333333333,1.13,1.09833333333333,1.1025,4.66916666666667
"Mozambique",2018,29423878,497,14632427982,14845400592,0.993333333333333,1.00416666666667,0.983333333333333,0.991666666666667,-9.52333333333333
"Mozambique",2019,30285595,499,15126961826,15390031041,1.0275,1.0375,1.0175,1.02916666666667,3.725
"Mozambique",2020,31178239,445,13859805858,14156864916,1.18166666666667,1.1925,1.17,1.18333333333333,14.9958333333333
"Mozambique",2021,32077072,481,15436765197,15776758633,1.31416666666667,1.33333333333333,1.29916666666667,1.31666666666667,11.3525
"Myanmar",2007,48445647,413,19989050844,20536259262,NA,NA,NA,NA,NA
"Myanmar",2008,48729486,558,27181784896,27926267198,0.495833333333333,0.505833333333333,0.481666666666667,0.491666666666667,NA
"Myanmar",2009,49015836,710,34820765343,35792932783,0.413333333333333,0.424166666666667,0.405,0.418333333333333,-14.7708333333333
"Myanmar",2010,49390988,883,43629121941,44847435582,0.4675,0.48,0.4575,0.470833333333333,12.7925
"Myanmar",2011,49794522,1191,59308186915,60983278767,0.485,0.495833333333333,0.473333333333333,0.481666666666667,2.7125
"Myanmar",2012,50218185,1257,63141646199,65032409079,0.480833333333333,0.495833333333333,0.47,0.485,0.2725
"Myanmar",2013,50648334,1263,63960673247,66022609949,0.5875,0.599166666666667,0.575,0.588333333333333,21.5066666666667
"Myanmar",2014,51072436,1328,67812310933,70085085318,0.605,0.618333333333333,0.588333333333333,0.6,2.51416666666667
"Myanmar",2015,51483949,1233,63472902157,63835168841,0.666666666666667,0.685833333333333,0.6525,0.675,12.4
"Myanmar",2016,51892349,1283,66579677116,66970657615,0.886666666666667,0.914166666666667,0.860833333333333,0.89,32.6975
"Myanmar",2017,52288341,1298,67862828769,68209182343,1.01583333333333,1.0425,0.9925,1.00583333333333,13.4775
"Myanmar",2018,52666014,1391,73284746566,73617228765,1.01416666666667,1.03666666666667,0.994166666666667,1.01,0.35
"Myanmar",2019,53040212,1395,73976365347,74275873246,1.01916666666667,1.0375,1,1.0225,1.20166666666667
"Myanmar",2020,53423198,1462,78117104629,78318053636,1.02416666666667,1.03916666666667,1.00333333333333,1.0175,-0.358333333333333
"Myanmar",2021,53798084,1095,58926127842,58582089718,1.15,1.17583333333333,1.12666666666667,1.1625,14.4025
"Niger",2007,14897873,386,5751166531,5764974958,0.6775,0.688333333333333,0.668333333333333,0.678333333333333,NA
"Niger",2008,15455175,468,7229961854,7252784463,0.854166666666667,0.879166666666667,0.834166666666667,0.8625,27.515
"Niger",2009,16037915,449,7200595666,7208347778,0.948333333333333,0.969166666666667,0.9275,0.949166666666667,10.6291666666667
"Niger",2010,16647543,458,7619463192,7631442274,0.935833333333333,0.9525,0.919166666666667,0.935,-1.51166666666667
"Niger",2011,17283112,494,8537369414,8600812558,0.926666666666667,0.941666666666667,0.910833333333333,0.9325,0.133333333333333
"Niger",2012,17954407,509,9139942769,9166697852,1.08333333333333,1.105,1.06416666666667,1.08166666666667,16.1733333333333
"Niger",2013,18653199,539,10048127274,10147446806,1.08833333333333,1.10666666666667,1.06916666666667,1.08833333333333,0.609166666666667
"Niger",2014,19372014,560,10846799481,10877077986,1.01916666666667,1.03666666666667,1.00666666666667,1.01666666666667,-6.45583333333333
"Niger",2015,20128124,473,9527965693,9676541052,0.9375,0.951666666666667,0.9225,0.935833333333333,-7.8325
"Niger",2016,20921743,489,10235697816,10398863668,0.958333333333333,0.9775,0.939166666666667,0.963333333333333,2.68333333333333
"Niger",2017,21737922,506,11003488730,11185105961,1.05916666666667,1.08583333333333,1.02916666666667,1.05666666666667,9.81666666666667
"Niger",2018,22577058,561,12659349778,12808662634,1.01333333333333,1.03166666666667,0.995833333333333,1.01166666666667,-4.03
"Niger",2019,23443393,546,12797069574,12916460168,0.934166666666667,0.948333333333333,0.9225,0.9325,-7.46
"Niger",2020,24333639,560,13617133184,13744174582,1.0375,1.06166666666667,1.01666666666667,1.04166666666667,11.3258333333333
"Niger",2021,25252722,585,14777138298,14915001994,1.11,1.1325,1.08666666666667,1.11166666666667,6.99333333333333
"Nigeria",2007,148294028,1727,2.56e+11,2.76e+11,0.49,0.503333333333333,0.476666666666667,0.4925,NA
"Nigeria",2008,152382506,2052,3.13e+11,3.37e+11,0.631666666666667,0.650833333333333,0.610833333333333,0.629166666666667,29.155
"Nigeria",2009,156595758,1706,2.67e+11,2.92e+11,0.619166666666667,0.636666666666667,0.604166666666667,0.619166666666667,-1.62916666666667
"Nigeria",2010,160952853,2160,3.48e+11,3.63e+11,0.630833333333333,0.645833333333333,0.6125,0.625833333333333,1.11333333333333
"Nigeria",2011,165463745,2350,3.89e+11,4.1e+11,0.6825,0.695833333333333,0.668333333333333,0.686666666666667,10.06
"Nigeria",2012,170075932,2563,4.36e+11,4.59e+11,0.751666666666667,0.765833333333333,0.733333333333333,0.745,9.33916666666667
"Nigeria",2013,174726123,2782,4.86e+11,5.15e+11,0.739166666666667,0.7575,0.7175,0.7375,-1.11583333333333
"Nigeria",2014,179379016,3037,5.45e+11,5.68e+11,0.668333333333333,0.684166666666667,0.655833333333333,0.6625,-10.22
"Nigeria",2015,183995785,2605,4.79e+11,4.95e+11,0.585833333333333,0.598333333333333,0.5725,0.583333333333333,-11.3208333333333
"Nigeria",2016,188666931,1984,3.74e+11,4.05e+11,0.825833333333333,0.855,0.8075,0.84,43.4141666666667
"Nigeria",2017,193495907,1782,3.45e+11,3.76e+11,1.13166666666667,1.16,1.09833333333333,1.12416666666667,38.2658333333333
"Nigeria",2018,198387623,1940,3.85e+11,4.22e+11,0.971666666666667,0.994166666666667,0.945,0.961666666666667,-14.4658333333333
"Nigeria",2019,203304492,2148,4.37e+11,4.75e+11,0.806666666666667,0.823333333333333,0.790833333333333,0.804166666666667,-16.0258333333333
"Nigeria",2020,208327405,1926,4.01e+11,4.3e+11,1.07833333333333,1.11166666666667,1.05,1.09166666666667,36.3758333333333
"Nigeria",2021,213401323,1868,3.99e+11,4.31e+11,1.55,1.595,1.51333333333333,1.56166666666667,45.6975
"Somalia",2007,11118092,482,5356068173,5430713729,0.665833333333333,0.681666666666667,0.651666666666667,0.669166666666667,NA
"Somalia",2008,11444870,510,5840195887,5913620293,1.11333333333333,1.15333333333333,1.08083333333333,1.12333333333333,67.0333333333333
"Somalia",2009,11730037,249,2915985884,2948594552,0.968333333333333,0.988333333333333,0.950833333333333,0.968333333333333,-10.1383333333333
"Somalia",2010,12026649,221,2661757591,2687807004,0.981666666666667,0.999166666666667,0.966666666666667,0.985833333333333,1.96583333333333
"Somalia",2011,12216837,236,2881763046,2906000097,1.1975,1.21916666666667,1.17583333333333,1.19333333333333,21.135
"Somalia",2012,12440326,323,4013429441,4041702389,0.9525,0.968333333333333,0.940833333333333,0.950833333333333,-19.9775
"Somalia",2013,12852485,354,4544675080,4576690434,0.871666666666667,0.888333333333333,0.86,0.873333333333333,-7.92083333333333
"Somalia",2014,13309235,375,4994674881,5025345566,0.949166666666667,0.966666666666667,0.934166666666667,0.950833333333333,8.74333333333333
"Somalia",2015,13763906,385,5305427289,5334682559,0.905,0.92,0.888333333333333,0.9025,-4.74083333333333
"Somalia",2016,14292847,385,5503656522,5533998919,0.915,0.933333333333333,0.901666666666667,0.92,1.67666666666667
"Somalia",2017,14864221,375,5575943200,5609009995,1.03,1.04083333333333,1.01583333333333,1.02583333333333,11.785
"Somalia",2018,15411094,378,5822308650,5856433389,0.976666666666667,0.993333333333333,0.961666666666667,0.978333333333333,-4.75083333333333
"Somalia",2019,15981300,404,6449138697,6484875336,0.964166666666667,0.975833333333333,0.950833333333333,0.963333333333333,-1.31333333333333
"Somalia",2020,16537016,414,6847633184,6883241661,1.01666666666667,1.03666666666667,0.999166666666667,1.02083333333333,5.75083333333333
"Somalia",2021,17065581,444,7585376432,7628276434,1.17166666666667,1.18583333333333,1.16166666666667,1.18083333333333,15.74
"South Sudan",2007,NA,NA,NA,NA,0.01,0.01,0.01,0.01,NA
"South Sudan",2008,8823888,2158,19045915116,14453648701,0.0158333333333333,0.0166666666666667,0.0158333333333333,0.0158333333333333,27.8025
"South Sudan",2009,9229227,1622,14967053546,11590968057,0.0208333333333333,0.0208333333333333,0.02,0.02,36.0683333333333
"South Sudan",2010,9714419,2019,19610226624,14924990282,0.025,0.0258333333333333,0.0208333333333333,0.0225,11.0133333333333
"South Sudan",2011,10243050,2299,23549857752,17192591466,0.0366666666666667,0.0391666666666667,0.0341666666666667,0.035,43.0808333333333
"South Sudan",2012,10701604,1324,14167515792,8874498843,0.0408333333333333,0.0433333333333333,0.04,0.04,32.2375
"South Sudan",2013,11106031,1471,16338974816,12724466341,0.04,0.04,0.04,0.04,-4.3675
"South Sudan",2014,11213284,1333,14943886441,14943981357,0.0416666666666667,0.0416666666666667,0.04,0.04,1.8175
"South Sudan",2015,11194299,531,5947552590,6230859386,0.0733333333333333,0.0775,0.0708333333333333,0.0758333333333333,78.2925
"South Sudan",2016,11066105,280,3103176711,3276386148,0.2825,0.305,0.263333333333333,0.290833333333333,272.6125
"South Sudan",2017,10658226,330,3512566023,3571364985,0.804166666666667,0.846666666666667,0.765,0.808333333333333,215.178333333333
"South Sudan",2018,10395329,337,3500027655,3797751820,1.265,1.34416666666667,1.175,1.25,58.6983333333333
"South Sudan",2019,10447666,404,4220807869,4305830329,1.5725,1.62166666666667,1.53,1.57,27.6325
"South Sudan",2020,10606227,390,4140047873,4215524494,2.2725,2.35,2.20166666666667,2.29,44.065
"South Sudan",2021,10748272,386,4144495715,4304069241,3.24833333333333,3.34666666666667,3.12666666666667,3.19,50.2741666666667
"Sudan",2007,NA,NA,NA,NA,0.0658333333333333,0.0683333333333333,0.065,0.0666666666666667,NA
"Sudan",2008,32065241,1307,41902063791,49508784350,0.108333333333333,0.111666666666667,0.101666666666667,0.106666666666667,64.5175
"Sudan",2009,32948155,1292,42559786532,48971439614,0.133333333333333,0.138333333333333,0.1275,0.131666666666667,25.8416666666667
"Sudan",2010,33739933,1606,54179899306,54739552605,0.15,0.153333333333333,0.144166666666667,0.146666666666667,11.82
"Sudan",2011,34419624,1950,67120934136,68307942577,0.165833333333333,0.17,0.156666666666667,0.164166666666667,11.8091666666667
"Sudan",2012,35159792,1697,59675590955,62286732516,0.238333333333333,0.248333333333333,0.226666666666667,0.238333333333333,45.195
"Sudan",2013,35990704,1651,59433389005,63933594510,0.275833333333333,0.286666666666667,0.269166666666667,0.2775,17.0616666666667
"Sudan",2014,37003245,2055,76058138589,78091095023,0.4475,0.466666666666667,0.430833333333333,0.445833333333333,61.0691666666667
"Sudan",2015,38171178,2048,78157674506,83933528709,0.445833333333333,0.459166666666667,0.4325,0.441666666666667,-0.6825
"Sudan",2016,39377169,2133,83996228634,89671402298,0.4925,0.504166666666667,0.478333333333333,0.493333333333333,11.7633333333333
"Sudan",2017,40679828,2731,1.11e+11,1.22e+11,0.619166666666667,0.638333333333333,0.605,0.625833333333333,27.1441666666667
"Sudan",2018,41999059,1195,50188979809,48363447289,1.4975,1.60666666666667,1.44166666666667,1.55333333333333,145.429166666667
"Sudan",2019,43232093,847,36628476195,35118937306,2.52,2.60833333333333,2.43083333333333,2.49166666666667,65.3375
"Sudan",2020,44440486,729,32414211246,34285818055,6.72166666666667,7.18333333333333,6.45,6.89,172.135833333333
"Sudan",2021,45657202,745,34023148464,35867261255,17.3041666666667,18.1816666666667,16.57,17.4108333333333,158.378333333333
"Syrian Arab Republic",2007,20703005,1912,39585870865,40271781586,NA,NA,NA,NA,NA
"Syrian Arab Republic",2008,21474059,2396,51454417290,52557913193,NA,NA,NA,NA,NA
"Syrian Arab Republic",2009,21827220,2434,53120994633,54111735242,NA,NA,NA,NA,NA
"Syrian Arab Republic",2010,22337563,2646,59105317114,60465112082,NA,NA,NA,NA,NA
"Syrian Arab Republic",2011,22730733,4952,1.13e+11,67293034963,0.435,0.44,0.430833333333333,0.435833333333333,NA
"Syrian Arab Republic",2012,22605577,2972,67194100417,46838060828,0.48,0.4875,0.476666666666667,0.483333333333333,10.6066666666667
"Syrian Arab Republic",2013,21495821,1464,31472142857,27016195586,0.578333333333333,0.585,0.574166666666667,0.579166666666667,20.035
"Syrian Arab Republic",2014,20072232,1210,24286219425,23434860183,0.6975,0.706666666666667,0.691666666666667,0.696666666666667,20.5908333333333
"Syrian Arab Republic",2015,19205178,1134,21776919156,19966555452,0.8775,0.890833333333333,0.8675,0.879166666666667,26.0258333333333
"Syrian Arab Republic",2016,18964252,798,15135476372,13289928684,1.02333333333333,1.03666666666667,1.00833333333333,1.02166666666667,16.6258333333333
"Syrian Arab Republic",2017,18983373,1033,19615648593,16883861331,1.0625,1.07333333333333,1.05,1.05666666666667,3.67666666666667
"Syrian Arab Republic",2018,19333463,1325,25626064516,22092550691,0.955,0.968333333333333,0.940833333333333,0.955833333333333,-9.50916666666667
"Syrian Arab Republic",2019,20098251,1426,28662517111,26596715331,1.09,1.11416666666667,1.0725,1.10083333333333,15.12
"Syrian Arab Republic",2020,20772595,1204,25010731663,23208126058,2.58583333333333,2.675,2.51416666666667,2.6175,134.928333333333
"Syrian Arab Republic",2021,21324367,997,21250485765,19718893437,5.78916666666667,5.94,5.62416666666667,5.74,134.996666666667
"Yemen",2007,22641538,1076,24356656708,25633674769,NA,NA,NA,NA,NA
"Yemen",2008,23329004,1226,28590155927,30397201735,NA,NA,NA,NA,NA
"Yemen",2009,24029589,1139,27377938743,28459502979,0.504166666666667,0.5125,0.496666666666667,0.504166666666667,NA
"Yemen",2010,24743946,1180,29193672898,30906751818,0.5675,0.578333333333333,0.555833333333333,0.564166666666667,12.07
"Yemen",2011,25475610,1132,28848125748,31078858676,0.639166666666667,0.65,0.6275,0.639166666666667,13.0958333333333
"Yemen",2012,26223391,1177,30865967637,32074763735,0.689166666666667,0.7,0.678333333333333,0.685833333333333,7.26916666666667
"Yemen",2013,26984002,1232,33242306621,34755287255,0.710833333333333,0.728333333333333,0.69,0.705,2.945
"Yemen",2014,27753304,1144,31741912226,33224132578,0.733333333333333,0.749166666666667,0.711666666666667,0.725833333333333,3.1175
"Yemen",2015,28516545,858,24479540125,24818907166,0.835,0.863333333333333,0.805,0.836666666666667,15.24
"Yemen",2016,29274002,637,18651421510,18728482386,0.8925,0.915,0.866666666666667,0.8825,6.7275
"Yemen",2017,30034389,609,18290418925,18391649816,0.913333333333333,0.93,0.895833333333333,0.91,3.18333333333333
"Yemen",2018,30790513,863,26581828458,26671579499,1.12583333333333,1.16333333333333,1.0975,1.13583333333333,24.5675
"Yemen",2019,31546691,412,13008287672,12980213074,1.32916666666667,1.36333333333333,1.29166666666667,1.32416666666667,17.7875
"Yemen",2020,32284046,292,9435582174,9416580652,1.52166666666667,1.56083333333333,1.49083333333333,1.535,15.85
"Yemen",2021,32981641,301,9929301347,9946815477,1.96916666666667,2.03583333333333,1.92333333333333,2.00666666666667,30.16
